<?xml version="1.0" encoding="UTF-8"?>

<beans:beans xmlns="http://www.springframework.org/schema/mvc"
	xmlns:xsi="http://www.w3.org/2001/XMLSchema-instance" xmlns:beans="http://www.springframework.org/schema/beans"
	xmlns:context="http://www.springframework.org/schema/context"
	xmlns:mvc="http://www.springframework.org/schema/mvc"
	xsi:schemaLocation="http://www.springframework.org/schema/mvc http://www.springframework.org/schema/mvc/spring-mvc.xsd
                                http://www.springframework.org/schema/beans http://www.springframework.org/schema/beans/spring-beans.xsd
                                http://www.springframework.org/schema/context http://www.springframework.org/schema/context/spring-context.xsd
                                http://www.springframework.org/schema/mvc/spring-mvc-3.0.xsd">

	<context:component-scan
		base-package="com.seqirus,com.seqirus.web,com.seqirus.web.security" />


	<annotation-driven />

	<beans:bean
		class="org.springframework.web.servlet.view.InternalResourceViewResolver">
		<beans:property name="prefix" value="/WEB-INF/views/" />
		<beans:property name="suffix" value=".jsp" />
	</beans:bean>


	<resources mapping="/resources/**" location="/resources/" />
	<beans:bean
		class="org.springframework.beans.factory.config.PropertyPlaceholderConfigurer">
		<beans:property name="location">
			<beans:value>classpath:jdbc.properties</beans:value>
		</beans:property>
	</beans:bean>



	<!-- picking value from properties file by this key -->
	<beans:bean id="dataSource"
		class="org.springframework.jdbc.datasource.DriverManagerDataSource">
		<beans:property name="driverClassName" value="${jdbc.driverClassName}" />
		<beans:property name="url" value="${jdbc.url}" />
		<beans:property name="username" value="${jdbc.username}" />
		<beans:property name="password" value="${jdbc.password}" />
	</beans:bean>


	<beans:bean id="multipartResolver"
		class="org.springframework.web.multipart.commons.CommonsMultipartResolver">
		<!-- max upload size in bytes -->
		<!-- <property name="maxUploadSize" value="20971520" /> 20MB -->
		<!-- max size of file in memory (in bytes) -->
		<!-- <property name="maxInMemorySize" value="1048576" /> 1MB -->
	</beans:bean>


	<!-- it is meant for the excel path in message.properties -->
	<beans:bean id="messages" class="com.seqirus.util.Messages">
		<beans:constructor-arg ref="messageSource" />
	</beans:bean>

	<beans:bean id="messageSource"
		class="org.springframework.context.support.ResourceBundleMessageSource">
		<beans:property name="basename">
			<beans:value>messages</beans:value>
		</beans:property>
	</beans:bean>

</beans:beans>