<?xml version="1.0" encoding="UTF-8"?>

<beans:beans xmlns="http://www.springframework.org/schema/security"
	xmlns:beans="http://www.springframework.org/schema/beans" xmlns:xsi="http://www.w3.org/2001/XMLSchema-instance"
	xmlns:mvc="http://www.springframework.org/schema/mvc"

	xsi:schemaLocation="http://www.springframework.org/schema/beans
	http://www.springframework.org/schema/beans/spring-beans-3.0.xsd
	http://www.springframework.org/schema/mvc/spring-mvc.xsd 
	http://www.springframework.org/schema/mvc/spring-mvc-3.0.xsd 
	http://www.springframework.org/schema/security
	http://www.springframework.org/schema/security/spring-security-3.1.xsd">

	<http auto-config="true" use-expressions="true">
		<intercept-url pattern="/upload**"
			access="hasAnyRole('ROLE_READ_WRITE' , 'ROLE_READ_ONLY')" />
		<intercept-url pattern="/suppdel**"
			access="hasAnyRole('ROLE_READ_WRITE' , 'ROLE_READ_ONLY')" />
	</http>


	<!-- Ldap Based Authentication -->

	<authentication-manager>
		<authentication-provider ref='ldapAuthProvider' />
	</authentication-manager>

	<beans:bean id="ldapAuthProvider"
		class="com.seqirus.web.secuirty.EReqLdapAuthenticationProvider">
		<beans:constructor-arg>
			<beans:bean
				class="org.springframework.security.ldap.authentication.BindAuthenticator">
				<beans:constructor-arg ref="contextSource" />
				<beans:property name="userSearch" ref="userSearch" />
			</beans:bean>
		</beans:constructor-arg>
		<beans:constructor-arg>
			<beans:bean
				class="com.seqirus.web.secuirty.EReqLdapAuthorityPopulator">
			</beans:bean>
		</beans:constructor-arg>
	</beans:bean>

	<!-- local ldap connection -->
	<beans:bean id="contextSource" class="org.springframework.security.ldap.DefaultSpringSecurityContextSource"> 
		<beans:constructor-arg value="ldap://localhost:10389/ou=system" /> <beans:property 
		name="userDn" value="uid=admin,ou=system" /> <beans:property name="password" 
		value="secret" /> </beans:bean> <beans:bean id="userSearch" class="org.springframework.security.ldap.search.FilterBasedLdapUserSearch"> 
		<beans:constructor-arg index="0" value="ou=users" /> <beans:constructor-arg 
		index="1" value="(uid={0})" /> <beans:constructor-arg index="2" ref="contextSource" 
		/> <beans:property name="searchSubtree" value="true" /> </beans:bean> 

	
</beans:beans>