<?xml version="1.0" encoding="UTF-8"?>
<configuration>

	<appender name="STDOUT" class="ch.qos.logback.core.ConsoleAppender">
		<encoder>
			<Pattern>
				%d{yyyy-MM-dd HH:mm:ss} %-5level %logger{36} - %msg%n
			</Pattern>
		</encoder>
	</appender>
	
    <appender name="FILE" class="ch.qos.logback.core.FileAppender"> 
    <file>D:/log/myLogFile.log</file>
		<!-- <file>C:/Users/569764/Desktop/myLogFile.log</file> -->
		<!-- <file>C:/Users/392084/Desktop/ValidationLogFile.log</file> -->
		<encoder>
			<pattern>
			%d{yyyy-MM-dd HH:mm:ss} [%thread] %-5level %logger{36} - %msg%n
			</pattern>
		</encoder>
	</appender>
	
	<appender name="FILE1" class="ch.qos.logback.core.FileAppender">
	<file>D:/log/ValidationLogFile.log</file>
	<!-- file:///D:/Migration/Config.properties"  -->
	
		 <!-- <file>C:/Users/569764/Desktop/ValidationLogFile.log</file> -->
		 <!-- <file>C:/Users/392084/Desktop/ValidationLogFile.log</file>  -->
		 
		<!--  <filter class="com.seqirus.service.ProductMaintServiceImpl" /> -->
		<encoder>
			<pattern>
			%d{yyyy-MM-dd HH:mm:ss} [%thread] %-5level %logger{36} - %msg%n
			</pattern>
		</encoder>
	</appender>
	
	<logger name="com.seqirus.service" level="error"
		additivity="false">
		<appender-ref ref="FILE1" />
	</logger>
	
	
	
	<root level="debug">
		<appender-ref ref="STDOUT" />
		<appender-ref ref="FILE" />
		
	</root>

</configuration>